{"cameraMode":{"drawMode":0,"name":"Shaded","section":"Shading Mode"},"sceneLighting":true,"audioPlay":false,"sceneViewState":{"m_AlwaysRefresh":false,"showFog":true,"showSkybox":true,"showFlares":true,"showImageEffects":true,"showParticleSystems":true,"showVisualEffectGraphs":true,"m_FxEnabled":true},"in2DMode":false,"pivot":{"x":1.962437391281128,"y":-4.000661373138428,"z":31.497013092041017},"rotation":{"x":-0.13461092114448548,"y":0.004590495489537716,"z":-0.0018524539191275836,"w":-0.9908868670463562},"size":28.822872161865236,"orthographic":false}