{"cameraMode":{"drawMode":0,"name":"Shaded","section":"Shading Mode"},"sceneLighting":true,"audioPlay":false,"sceneViewState":{"m_AlwaysRefresh":false,"showFog":true,"showSkybox":true,"showFlares":true,"showImageEffects":true,"showParticleSystems":true,"showVisualEffectGraphs":true,"m_FxEnabled":true},"in2DMode":false,"pivot":{"x":-16.247453689575197,"y":0.051967184990644458,"z":18.884628295898439},"rotation":{"x":-0.06213671714067459,"y":0.45550578832626345,"z":-0.033264946192502978,"w":-0.8874474167823792},"size":23.128944396972658,"orthographic":false}